group,scenario,trace,mean_cost,mean_backlog,cumulative_backlog,peak_backlog,terminal_backlog,mean_inventory,changed_node_periods,positive_corrections,negative_corrections
happo,base,0,18.66,18.66,3732,99,99,6.826666666666667,0,0,0
happo,base,1,21.356666666666666,4.415,883,48,0,15.133333333333333,0,0,0
happo,base,2,17.196666666666665,13.125,2625,58,16,8.565,0,0,0
happo,base,3,17.408333333333335,21.375,4275,68,0,4.951666666666667,0,0,0
happo,base,4,24.14666666666667,25.755,5151,100,100,8.226666666666667,0,0,0
happo,shock,0,24.296666666666667,26.03,5206,119,119,7.26,0,0,0
happo,shock,1,21.105,8.075,1615,92,0,13.358333333333333,0,0,0
happo,shock,2,17.863333333333333,17.71,3542,81,21,7.721666666666667,0,0,0
happo,shock,3,21.878333333333334,30.24,6048,86,0,5.196666666666666,0,0,0
happo,shock,4,26.84,29.69,5938,107,107,7.41,0,0,0
manual,base,0,26.618333333333332,16.24,3248,91,91,7.77,136,136,0
manual,base,1,24.608333333333334,3.905,781,48,0,16.813333333333333,68,68,0
manual,base,2,20.48,7.435,1487,58,20,9.701666666666666,92,92,0
manual,base,3,25.623333333333335,15.41,3082,68,0,6.6033333333333335,180,180,0
manual,base,4,30.94333333333333,17.86,3572,78,78,9.896666666666667,169,169,0
manual,shock,0,25.065,16.4,3280,77,57,7.433333333333334,148,148,0
manual,shock,1,28.38,7.33,1466,94,0,17.105,73,73,0
manual,shock,2,19.323333333333334,8.555,1711,58,36,8.065,106,106,0
manual,shock,3,38.913333333333334,27.98,5596,124,0,6.32,221,221,0
manual,shock,4,31.678333333333335,18.19,3638,76,75,9.73,193,193,0
deepseek,base,0,22.226666666666667,14.525,2905,70,64,6.755,200,82,118
deepseek,base,1,25.586666666666666,6.57,1314,59,0,15.136666666666667,241,93,148
deepseek,base,2,25.438333333333333,20.48,4096,99,35,8.188333333333333,344,48,296
deepseek,base,3,25.133333333333333,14.84,2968,68,0,7.25,186,161,25
deepseek,base,4,30.076666666666668,33.47,6694,175,175,6.751666666666667,195,2,193
deepseek,shock,0,32.81166666666667,30.19,6038,138,138,5.51,227,58,169
deepseek,shock,1,29.731666666666666,11.965,2393,119,0,15.343333333333334,185,54,131
deepseek,shock,2,24.45,20.41,4082,91,39,6.786666666666667,336,70,266
deepseek,shock,3,26.006666666666668,29.115,5823,114,0,5.26,72,67,5
deepseek,shock,4,23.428333333333335,24.84,4968,96,96,6.915,99,63,36
