group,scenario,trace,delta_mean_cost,delta_mean_backlog,delta_cumulative_backlog,delta_terminal_backlog
manual,base,0,7.958333333333332,-2.4200000000000017,-484,-8
manual,base,1,3.2516666666666687,-0.5100000000000002,-102,0
manual,base,2,3.283333333333335,-5.69,-1138,4
manual,base,3,8.215,-5.965,-1193,0
manual,base,4,6.796666666666663,-7.895,-1579,-22
manual,shock,0,0.7683333333333344,-9.630000000000003,-1926,-62
manual,shock,1,7.274999999999999,-0.7449999999999992,-149,0
manual,shock,2,1.4600000000000009,-9.155000000000001,-1831,15
manual,shock,3,17.035,-2.259999999999998,-452,0
manual,shock,4,4.838333333333335,-11.5,-2300,-32
deepseek,base,0,3.5666666666666664,-4.135,-827,-35
deepseek,base,1,4.23,2.1550000000000002,431,0
deepseek,base,2,8.241666666666667,7.355,1471,19
deepseek,base,3,7.724999999999998,-6.535,-1307,0
deepseek,base,4,5.93,7.715,1543,75
deepseek,shock,0,8.515,4.16,832,19
deepseek,shock,1,8.626666666666665,3.8900000000000006,778,0
deepseek,shock,2,6.586666666666666,2.6999999999999993,540,18
deepseek,shock,3,4.128333333333334,-1.125,-225,0
deepseek,shock,4,-3.4116666666666653,-4.850000000000001,-970,-11
