batch,group,scenario,trace,cost_delta,backlog_delta
flash_confirm_v3_batch1,llm_iterative,shock,0,-6.251666666666672,-28.08
flash_confirm_v3_batch1,llm_iterative,shock,1,-0.44166666666666643,1.2950000000000017
flash_confirm_v3_batch1,llm_iterative,shock,2,0.8150000000000013,0.15500000000000003
flash_confirm_v3_batch1,llm_iterative,shock,3,-0.6283333333333303,-0.02499999999999991
flash_confirm_v3_batch1,llm_single,shock,0,-8.128333333333337,-28.784999999999997
flash_confirm_v3_batch1,llm_single,shock,1,-0.44166666666666643,1.2950000000000017
flash_confirm_v3_batch1,llm_single,shock,2,0.0,0.0
flash_confirm_v3_batch1,llm_single,shock,3,-0.04999999999999716,0.0
flash_confirm_v3_batch1,manual_screen,shock,0,-7.226666666666667,-22.11999999999999
flash_confirm_v3_batch1,manual_screen,shock,1,-0.764999999999997,-1.7299999999999969
flash_confirm_v3_batch1,manual_screen,shock,2,0.0,0.0
flash_confirm_v3_batch1,manual_screen,shock,3,0.0,0.0
flash_confirm_v3_batch2,llm_iterative,shock,0,2.370000000000001,0.6999999999999993
flash_confirm_v3_batch2,llm_iterative,shock,1,-1.6799999999999997,-3.384999999999998
flash_confirm_v3_batch2,llm_iterative,shock,2,-3.7633333333333354,-5.82
flash_confirm_v3_batch2,llm_iterative,shock,3,-1.4033333333333324,0.19000000000000128
flash_confirm_v3_batch2,llm_single,shock,0,0.0,0.0
flash_confirm_v3_batch2,llm_single,shock,1,0.0,0.0
flash_confirm_v3_batch2,llm_single,shock,2,-0.375,-1.7550000000000026
flash_confirm_v3_batch2,llm_single,shock,3,-2.4066666666666663,-0.5799999999999983
flash_confirm_v3_batch2,manual_screen,shock,0,0.17833333333333456,-1.4050000000000011
flash_confirm_v3_batch2,manual_screen,shock,1,-0.8900000000000006,-1.259999999999998
flash_confirm_v3_batch2,manual_screen,shock,2,-4.348333333333333,-11.575000000000003
flash_confirm_v3_batch2,manual_screen,shock,3,0.0,0.0
flash_confirm_v3_batch3,llm_iterative,shock,0,1.3883333333333319,0.14500000000000002
flash_confirm_v3_batch3,llm_iterative,shock,1,0.0,0.0
flash_confirm_v3_batch3,llm_iterative,shock,2,0.6566666666666663,0.20000000000000018
flash_confirm_v3_batch3,llm_iterative,shock,3,-1.620000000000001,-1.5300000000000011
flash_confirm_v3_batch3,llm_single,shock,0,0.0,0.0
flash_confirm_v3_batch3,llm_single,shock,1,-0.07666666666666444,-0.06499999999999995
flash_confirm_v3_batch3,llm_single,shock,2,0.0,0.0
flash_confirm_v3_batch3,llm_single,shock,3,-1.5850000000000009,-2.025000000000002
flash_confirm_v3_batch3,manual_screen,shock,0,0.0,0.0
flash_confirm_v3_batch3,manual_screen,shock,1,-0.7833333333333314,0.06000000000000005
flash_confirm_v3_batch3,manual_screen,shock,2,0.0,0.0
flash_confirm_v3_batch3,manual_screen,shock,3,-0.07333333333333414,-0.03500000000000014
flash_confirm_v3_batch4,llm_iterative,shock,0,-0.2283333333333335,0.0
flash_confirm_v3_batch4,llm_iterative,shock,1,-1.1799999999999997,0.03500000000000014
flash_confirm_v3_batch4,llm_iterative,shock,2,0.6533333333333324,0.46000000000000085
flash_confirm_v3_batch4,llm_iterative,shock,3,1.545,0.11499999999999999
flash_confirm_v3_batch4,llm_single,shock,0,0.0,0.0
flash_confirm_v3_batch4,llm_single,shock,1,-1.3449999999999989,0.01499999999999968
flash_confirm_v3_batch4,llm_single,shock,2,0.0,0.0
flash_confirm_v3_batch4,llm_single,shock,3,0.0,0.0
flash_confirm_v3_batch4,manual_screen,shock,0,0.0,0.0
flash_confirm_v3_batch4,manual_screen,shock,1,0.0,0.0
flash_confirm_v3_batch4,manual_screen,shock,2,1.9033333333333324,-0.8900000000000006
flash_confirm_v3_batch4,manual_screen,shock,3,0.0,0.0
flash_confirm_v3_batch5,llm_iterative,shock,0,-1.0033333333333303,0.02499999999999991
flash_confirm_v3_batch5,llm_iterative,shock,1,-10.619999999999997,-27.629999999999995
flash_confirm_v3_batch5,llm_iterative,shock,2,-0.8133333333333361,-1.5299999999999976
flash_confirm_v3_batch5,llm_iterative,shock,3,1.5899999999999999,-0.41500000000000004
flash_confirm_v3_batch5,llm_single,shock,0,-1.0783333333333331,0.0349999999999997
flash_confirm_v3_batch5,llm_single,shock,1,-0.4933333333333323,-0.8849999999999909
flash_confirm_v3_batch5,llm_single,shock,2,-1.1433333333333344,-1.3949999999999996
flash_confirm_v3_batch5,llm_single,shock,3,0.5500000000000007,-0.3200000000000003
flash_confirm_v3_batch5,manual_screen,shock,0,-0.8683333333333323,-0.14500000000000002
flash_confirm_v3_batch5,manual_screen,shock,1,-15.359999999999996,-45.084999999999994
flash_confirm_v3_batch5,manual_screen,shock,2,-1.610000000000003,-2.6449999999999996
flash_confirm_v3_batch5,manual_screen,shock,3,-0.3349999999999991,-0.5499999999999998
