interval,trace,group,cost,backlog,cost_delta,backlog_delta
1,0,happo,39.62166666666667,84.005,0.0,0.0
1,0,manual_screen,34.06166666666667,66.05,-5.560000000000002,-17.955
1,0,llm_library,38.19,82.895,-1.431666666666672,-1.1099999999999994
1,1,happo,23.241666666666667,2.55,0.0,0.0
1,1,manual_screen,22.01,2.235,-1.2316666666666656,-0.31499999999999995
1,1,llm_library,21.548333333333332,1.98,-1.6933333333333351,-0.5699999999999998
1,2,happo,44.571666666666665,103.87,0.0,0.0
1,2,manual_screen,31.563333333333333,67.635,-13.008333333333333,-36.235
1,2,llm_library,41.651666666666664,101.555,-2.9200000000000017,-2.3149999999999977
1,3,happo,32.58,63.245,0.0,0.0
1,3,manual_screen,30.251666666666665,56.075,-2.328333333333333,-7.169999999999995
1,3,llm_library,31.69,62.36,-0.889999999999997,-0.884999999999998
3,0,happo,39.62166666666667,84.005,0.0,0.0
3,0,manual_screen,34.06166666666667,66.05,-5.560000000000002,-17.955
3,0,llm_library,38.00833333333333,82.895,-1.6133333333333368,-1.1099999999999994
3,1,happo,23.241666666666667,2.55,0.0,0.0
3,1,manual_screen,22.39,2.345,-0.8516666666666666,-0.20499999999999963
3,1,llm_library,25.376666666666665,1.735,2.134999999999998,-0.8149999999999997
3,2,happo,44.571666666666665,103.87,0.0,0.0
3,2,manual_screen,30.17,63.235,-14.401666666666664,-40.635000000000005
3,2,llm_library,41.531666666666666,101.555,-3.039999999999999,-2.3149999999999977
3,3,happo,32.58,63.245,0.0,0.0
3,3,manual_screen,29.79,55.92,-2.789999999999999,-7.324999999999996
3,3,llm_library,31.566666666666666,62.36,-1.0133333333333319,-0.884999999999998
5,0,happo,39.62166666666667,84.005,0.0,0.0
5,0,manual_screen,34.06166666666667,66.05,-5.560000000000002,-17.955
5,0,llm_library,38.105,83.195,-1.5166666666666728,-0.8100000000000023
5,1,happo,23.241666666666667,2.55,0.0,0.0
5,1,manual_screen,22.36,2.205,-0.8816666666666677,-0.34499999999999975
5,1,llm_library,22.683333333333334,2.495,-0.5583333333333336,-0.054999999999999716
5,2,happo,44.571666666666665,103.87,0.0,0.0
5,2,manual_screen,30.17,63.235,-14.401666666666664,-40.635000000000005
5,2,llm_library,41.755,101.555,-2.816666666666663,-2.3149999999999977
5,3,happo,32.58,63.245,0.0,0.0
5,3,manual_screen,29.741666666666667,55.865,-2.838333333333331,-7.3799999999999955
5,3,llm_library,31.338333333333335,62.365,-1.2416666666666636,-0.8799999999999955
