group,trace,period,mean_absolute_error
manual_screen,0,86,4.533333333333333
manual_screen,0,91,2.625
manual_screen,0,96,2.475
manual_screen,0,101,3.291666666666667
manual_screen,0,106,5.625
manual_screen,0,111,2.6333333333333333
manual_screen,0,116,1.1916666666666667
manual_screen,0,121,1.2000000000000002
manual_screen,0,126,0.6583333333333333
manual_screen,0,131,0.825
manual_screen,0,136,0.725
manual_screen,0,141,0.7333333333333334
manual_screen,0,146,0.8583333333333334
manual_screen,0,151,0.6666666666666666
manual_screen,0,156,0.7166666666666667
manual_screen,0,161,0.725
manual_screen,0,166,0.6666666666666666
manual_screen,0,171,0.825
manual_screen,0,176,0.31666666666666665
manual_screen,0,181,0.4666666666666667
manual_screen,0,186,0.2555555555555556
manual_screen,0,191,0.13333333333333325
manual_screen,0,196,0.2
manual_screen,1,64,1.2999999999999998
manual_screen,1,69,1.8333333333333333
manual_screen,1,74,1.3916666666666666
manual_screen,1,79,2.1999999999999997
manual_screen,1,84,1.8166666666666664
manual_screen,1,89,3.225
manual_screen,1,94,2.7333333333333334
manual_screen,1,99,1.1916666666666667
manual_screen,1,104,0.8833333333333333
manual_screen,1,109,1.4166666666666667
manual_screen,1,114,0.6833333333333335
manual_screen,1,119,0.8500000000000001
manual_screen,1,124,1.2916666666666667
manual_screen,1,129,1.0
manual_screen,1,134,1.375
manual_screen,1,139,1.6833333333333333
manual_screen,1,144,3.566666666666667
manual_screen,1,149,1.7249999999999999
manual_screen,1,154,0.7000000000000001
manual_screen,1,159,0.7749999999999999
manual_screen,1,164,0.7416666666666667
manual_screen,1,169,0.5
manual_screen,1,174,0.9833333333333334
manual_screen,1,179,0.3
manual_screen,1,184,0.411764705882353
manual_screen,1,189,0.37499999999999994
manual_screen,1,194,0.28571428571428564
manual_screen,1,199,0.25
manual_screen,2,100,1.2583333333333333
manual_screen,2,105,1.2833333333333332
manual_screen,2,110,2.2
manual_screen,2,115,3.75
manual_screen,2,120,2.4
manual_screen,2,125,1.5916666666666668
manual_screen,2,130,0.8583333333333334
manual_screen,2,135,0.6666666666666666
manual_screen,2,140,0.6416666666666667
manual_screen,2,145,0.4833333333333333
manual_screen,2,150,0.6416666666666666
manual_screen,2,155,0.625
manual_screen,2,160,0.43333333333333335
manual_screen,2,165,0.6333333333333333
manual_screen,2,170,1.0083333333333333
manual_screen,2,175,1.2083333333333335
manual_screen,2,180,0.6083333333333334
manual_screen,2,185,0.8020833333333334
manual_screen,2,190,1.5757575757575757
manual_screen,2,195,0.4444444444444444
manual_screen,2,200,1
manual_screen,3,74,7.266666666666667
manual_screen,3,79,2.3833333333333337
manual_screen,3,84,2.7166666666666663
manual_screen,3,89,3.0166666666666666
manual_screen,3,94,5.691666666666666
manual_screen,3,99,2.6
manual_screen,3,104,2.841666666666667
manual_screen,3,109,1.7583333333333333
manual_screen,3,114,1.6500000000000001
manual_screen,3,119,1.5583333333333331
manual_screen,3,124,2.8000000000000003
manual_screen,3,129,1.8916666666666664
manual_screen,3,134,3.8583333333333334
manual_screen,3,139,2.875
manual_screen,3,144,1.4166666666666667
manual_screen,3,149,1.4083333333333334
manual_screen,3,154,3.5749999999999997
manual_screen,3,159,4.3
manual_screen,3,164,5.058333333333334
manual_screen,3,169,4.125
manual_screen,3,174,2.216666666666667
manual_screen,3,179,2.4333333333333336
manual_screen,3,184,3.6666666666666665
manual_screen,3,189,1.4166666666666667
manual_screen,3,194,1.2619047619047616
manual_screen,3,199,0.3333333333333339
llm_single,0,86,4.533333333333333
llm_single,0,91,2.625
llm_single,0,96,2.475
llm_single,0,101,3.291666666666667
llm_single,0,106,5.625
llm_single,0,111,2.6333333333333333
llm_single,0,116,1.1916666666666667
llm_single,0,121,1.2000000000000002
llm_single,0,126,0.6583333333333333
llm_single,0,131,0.825
llm_single,0,136,0.725
llm_single,0,141,0.7333333333333334
llm_single,0,146,0.8583333333333334
llm_single,0,151,0.6666666666666666
llm_single,0,156,0.7166666666666667
llm_single,0,161,0.725
llm_single,0,166,0.6666666666666666
llm_single,0,171,0.825
llm_single,0,176,0.31666666666666665
llm_single,0,181,0.4666666666666667
llm_single,0,186,0.2555555555555556
llm_single,0,191,0.13333333333333325
llm_single,0,196,0.2
llm_single,1,64,1.2999999999999998
llm_single,1,69,1.8333333333333333
llm_single,1,74,1.3916666666666666
llm_single,1,79,2.1999999999999997
llm_single,1,84,1.8166666666666664
llm_single,1,89,3.225
llm_single,1,94,2.7333333333333334
llm_single,1,99,1.1916666666666667
llm_single,1,104,0.8833333333333333
llm_single,1,109,1.4166666666666667
llm_single,1,114,0.6833333333333335
llm_single,1,119,0.8500000000000001
llm_single,1,124,1.2916666666666667
llm_single,1,129,1.0
llm_single,1,134,1.375
llm_single,1,139,1.6833333333333333
llm_single,1,144,3.566666666666667
llm_single,1,149,1.7249999999999999
llm_single,1,154,0.7000000000000001
llm_single,1,159,0.7749999999999999
llm_single,1,164,0.7416666666666667
llm_single,1,169,0.5
llm_single,1,174,0.9833333333333334
llm_single,1,179,0.3
llm_single,1,184,0.411764705882353
llm_single,1,189,0.37499999999999994
llm_single,1,194,0.28571428571428564
llm_single,1,199,0.25
llm_single,2,100,1.2583333333333333
llm_single,2,105,1.2833333333333332
llm_single,2,110,2.2
llm_single,2,115,3.75
llm_single,2,120,2.4
llm_single,2,125,1.5916666666666668
llm_single,2,130,0.8583333333333334
llm_single,2,135,0.6666666666666666
llm_single,2,140,0.6416666666666667
llm_single,2,145,0.4833333333333333
llm_single,2,150,0.6416666666666666
llm_single,2,155,0.625
llm_single,2,160,0.43333333333333335
llm_single,2,165,0.6333333333333333
llm_single,2,170,1.0083333333333333
llm_single,2,175,1.2083333333333335
llm_single,2,180,0.6083333333333334
llm_single,2,185,0.8020833333333334
llm_single,2,190,1.5757575757575757
llm_single,2,195,0.4444444444444444
llm_single,2,200,1
llm_single,3,74,7.266666666666667
llm_single,3,79,2.3833333333333337
llm_single,3,84,2.7166666666666663
llm_single,3,89,3.0166666666666666
llm_single,3,94,5.691666666666666
llm_single,3,99,2.6
llm_single,3,104,2.841666666666667
llm_single,3,109,1.7583333333333333
llm_single,3,114,1.6500000000000001
llm_single,3,119,1.5583333333333331
llm_single,3,124,2.8000000000000003
llm_single,3,129,1.8916666666666664
llm_single,3,134,3.8583333333333334
llm_single,3,139,2.875
llm_single,3,144,1.4166666666666667
llm_single,3,149,1.4083333333333334
llm_single,3,154,3.5749999999999997
llm_single,3,159,4.3
llm_single,3,164,5.058333333333334
llm_single,3,169,4.125
llm_single,3,174,2.216666666666667
llm_single,3,179,2.4333333333333336
llm_single,3,184,3.6666666666666665
llm_single,3,189,1.4166666666666667
llm_single,3,194,1.2619047619047616
llm_single,3,199,0.3333333333333339
llm_iterative,0,86,4.533333333333333
llm_iterative,0,91,2.625
llm_iterative,0,96,2.475
llm_iterative,0,101,3.291666666666667
llm_iterative,0,106,5.625
llm_iterative,0,111,2.6333333333333333
llm_iterative,0,116,1.1916666666666667
llm_iterative,0,121,1.2000000000000002
llm_iterative,0,126,0.6583333333333333
llm_iterative,0,131,0.825
llm_iterative,0,136,0.725
llm_iterative,0,141,0.7333333333333334
llm_iterative,0,146,0.8583333333333334
llm_iterative,0,151,0.6666666666666666
llm_iterative,0,156,0.7166666666666667
llm_iterative,0,161,0.725
llm_iterative,0,166,0.6666666666666666
llm_iterative,0,171,0.825
llm_iterative,0,176,0.31666666666666665
llm_iterative,0,181,0.4666666666666667
llm_iterative,0,186,0.2555555555555556
llm_iterative,0,191,0.13333333333333325
llm_iterative,0,196,0.2
llm_iterative,1,64,1.2999999999999998
llm_iterative,1,69,1.8333333333333333
llm_iterative,1,74,1.3916666666666666
llm_iterative,1,79,2.1999999999999997
llm_iterative,1,84,1.8166666666666664
llm_iterative,1,89,3.225
llm_iterative,1,94,2.7333333333333334
llm_iterative,1,99,1.1916666666666667
llm_iterative,1,104,0.8833333333333333
llm_iterative,1,109,1.4166666666666667
llm_iterative,1,114,0.6833333333333335
llm_iterative,1,119,0.8500000000000001
llm_iterative,1,124,1.2916666666666667
llm_iterative,1,129,1.0
llm_iterative,1,134,1.375
llm_iterative,1,139,1.6833333333333333
llm_iterative,1,144,3.566666666666667
llm_iterative,1,149,1.7249999999999999
llm_iterative,1,154,0.7000000000000001
llm_iterative,1,159,0.7749999999999999
llm_iterative,1,164,0.7416666666666667
llm_iterative,1,169,0.5
llm_iterative,1,174,0.9833333333333334
llm_iterative,1,179,0.3
llm_iterative,1,184,0.411764705882353
llm_iterative,1,189,0.37499999999999994
llm_iterative,1,194,0.28571428571428564
llm_iterative,1,199,0.25
llm_iterative,2,100,1.2583333333333333
llm_iterative,2,105,1.2833333333333332
llm_iterative,2,110,2.2
llm_iterative,2,115,3.75
llm_iterative,2,120,2.4
llm_iterative,2,125,1.5916666666666668
llm_iterative,2,130,0.8583333333333334
llm_iterative,2,135,0.6666666666666666
llm_iterative,2,140,0.6416666666666667
llm_iterative,2,145,0.4833333333333333
llm_iterative,2,150,0.6416666666666666
llm_iterative,2,155,0.625
llm_iterative,2,160,0.43333333333333335
llm_iterative,2,165,0.6333333333333333
llm_iterative,2,170,1.0083333333333333
llm_iterative,2,175,1.2083333333333335
llm_iterative,2,180,0.6083333333333334
llm_iterative,2,185,0.8020833333333334
llm_iterative,2,190,1.5757575757575757
llm_iterative,2,195,0.4444444444444444
llm_iterative,2,200,1
llm_iterative,3,74,7.266666666666667
llm_iterative,3,79,2.3833333333333337
llm_iterative,3,84,2.7166666666666663
llm_iterative,3,89,3.0166666666666666
llm_iterative,3,94,5.691666666666666
llm_iterative,3,99,2.6
llm_iterative,3,104,2.841666666666667
llm_iterative,3,109,1.7583333333333333
llm_iterative,3,114,1.6500000000000001
llm_iterative,3,119,1.5583333333333331
llm_iterative,3,124,2.8000000000000003
llm_iterative,3,129,1.8916666666666664
llm_iterative,3,134,3.8583333333333334
llm_iterative,3,139,2.875
llm_iterative,3,144,1.4166666666666667
llm_iterative,3,149,1.4083333333333334
llm_iterative,3,154,3.5749999999999997
llm_iterative,3,159,4.3
llm_iterative,3,164,5.058333333333334
llm_iterative,3,169,4.125
llm_iterative,3,174,2.216666666666667
llm_iterative,3,179,2.4333333333333336
llm_iterative,3,184,3.6666666666666665
llm_iterative,3,189,1.4166666666666667
llm_iterative,3,194,1.2619047619047616
llm_iterative,3,199,0.3333333333333339
