batch,trace,demand_seed,event_seed,start_index,duration,happo_cost,happo_backlog,happo_total_cost,happo_normal_cost,happo_normal_backlog,happo_shock_minus_normal_cost,happo_shock_minus_normal_backlog,happo_final_inventory_total,happo_peak_backlog,happo_final_backlog,happo_shock_backlog,happo_recovery_backlog,happo_inventory,llm_library_cost,llm_library_backlog,llm_library_total_cost,llm_library_normal_cost,llm_library_normal_backlog,llm_library_shock_minus_normal_cost,llm_library_shock_minus_normal_backlog,llm_library_final_inventory_total,llm_library_peak_backlog,llm_library_final_backlog,llm_library_shock_backlog,llm_library_recovery_backlog,llm_library_inventory,cost_delta,backlog_delta
1,0,20261201,20261202,70,39,27.253333333333334,43.005,16352.0,23.843333333333334,28.265,3.41,14.740000000000002,32,154,154,46.94871794871795,61.26373626373626,5.79,27.05666666666667,43.005,16234.0,23.843333333333334,28.265,3.2133333333333347,14.740000000000002,0,154,154,46.94871794871795,61.26373626373626,5.623333333333333,-0.19666666666666544,0.0
1,1,20261201,20261202,79,20,19.076666666666668,14.63,11446.0,18.048333333333332,12.405,1.028333333333336,2.2250000000000014,0,63,38,24.15,11.811881188118813,7.205,18.903333333333332,14.63,11342.0,18.048333333333332,12.405,0.8550000000000004,2.2250000000000014,0,63,38,24.15,11.811881188118813,7.205,-0.17333333333333556,0.0
1,2,20261201,20261202,68,36,18.368333333333332,2.78,11021.0,20.093333333333334,1.525,-1.7250000000000014,1.255,15,39,28,3.3333333333333335,3.78125,14.411666666666667,17.675,1.775,10605.0,20.093333333333334,1.525,-2.418333333333333,0.25,0,27,3,3.3333333333333335,1.6875,15.141666666666667,-0.6933333333333316,-1.005
1,3,20261201,20261202,75,37,49.07666666666667,122.855,29446.0,48.166666666666664,120.125,0.9100000000000037,2.730000000000004,0,244,85,145.48648648648648,176.98863636363637,3.151666666666667,46.13166666666667,120.935,27679.0,48.166666666666664,120.125,-2.0349999999999966,0.8100000000000023,0,229,62,145.48648648648648,172.625,2.1566666666666667,-2.9450000000000003,-1.9200000000000017
2,0,20261203,20261204,91,20,15.131666666666666,2.95,9079.0,16.36,2.88,-1.2283333333333335,0.07000000000000028,0,40,8,0.45,1.6629213483146068,11.323333333333334,14.58,2.875,8748.0,16.36,2.88,-1.7799999999999994,-0.004999999999999893,0,40,3,0.45,1.4943820224719102,10.966666666666667,-0.5516666666666659,-0.07500000000000018
2,1,20261203,20261204,82,22,20.065,10.405,12039.0,16.903333333333332,9.235,3.161666666666669,1.17,44,74,0,14.863636363636363,0.53125,13.496666666666666,21.661666666666665,10.58,12997.0,16.903333333333332,9.235,4.758333333333333,1.3450000000000006,58,74,0,14.863636363636363,0.8958333333333334,14.778333333333334,1.596666666666664,0.1750000000000007
2,2,20261203,20261204,73,25,18.391666666666666,7.0,11035.0,17.293333333333333,6.44,1.0983333333333327,0.5599999999999996,12,40,32,13.56,6.578431372549019,9.753333333333334,17.491666666666667,6.125,10495.0,17.293333333333333,6.44,0.19833333333333414,-0.3150000000000004,0,36,7,13.56,4.862745098039215,9.798333333333334,-0.8999999999999986,-0.875
2,3,20261203,20261204,66,36,35.48,70.08,21288.0,34.901666666666664,68.435,0.5783333333333331,1.644999999999996,55,222,9,138.36111111111111,70.09183673469387,6.288333333333333,33.041666666666664,68.14,19825.0,34.901666666666664,68.435,-1.8599999999999994,-0.2950000000000017,52,203,0,138.36111111111111,66.13265306122449,6.026666666666666,-2.4383333333333326,-1.9399999999999977
3,0,20261205,20261206,98,22,19.86,6.15,11916.0,17.336666666666666,3.26,2.5233333333333334,2.8900000000000006,66,95,0,41.22727272727273,0.4125,13.715,19.43166666666667,6.155,11659.0,17.336666666666666,3.26,2.0950000000000024,2.8950000000000005,58,95,0,41.22727272727273,0.425,13.258333333333333,-0.428333333333331,0.004999999999999893
3,1,20261205,20261206,77,40,19.601666666666667,2.92,11761.0,20.366666666666667,3.14,-0.7650000000000006,-0.2200000000000002,13,24,0,2.175,3.7590361445783134,14.453333333333333,19.56,2.92,11736.0,20.366666666666667,3.14,-0.8066666666666684,-0.2200000000000002,14,24,0,2.175,3.7590361445783134,14.455,-0.04166666666666785,0.0
3,2,20261205,20261206,80,37,17.071666666666665,11.375,10243.0,15.405,3.92,1.666666666666666,7.455,11,75,0,47.24324324324324,1.6987951807228916,8.973333333333333,17.218333333333334,11.43,10331.0,15.405,3.92,1.8133333333333344,7.51,80,75,0,47.24324324324324,1.8313253012048192,9.058333333333334,0.14666666666666828,0.054999999999999716
3,3,20261205,20261206,82,32,41.17666666666667,86.95,24706.0,40.13166666666667,84.43,1.0450000000000017,2.519999999999996,0,219,40,162.21875,89.19767441860465,5.003333333333333,39.64666666666667,86.155,23788.0,40.13166666666667,84.43,-0.48499999999999943,1.7249999999999943,0,214,35,162.21875,87.34883720930233,4.448333333333333,-1.5300000000000011,-0.7950000000000017
4,0,20261207,20261208,92,25,19.953333333333333,2.705,11972.0,18.911666666666665,2.53,1.0416666666666679,0.17500000000000027,0,30,8,7.44,1.9879518072289157,14.381666666666666,17.60333333333333,3.275,10562.0,18.911666666666665,2.53,-1.3083333333333336,0.7450000000000001,0,30,10,7.76,3.2650602409638556,12.196666666666667,-2.3500000000000014,0.5699999999999998
4,1,20261207,20261208,62,37,21.218333333333334,7.27,12731.0,18.338333333333335,2.405,2.879999999999999,4.865,1,105,1,36.5945945945946,0.6039603960396039,12.651666666666667,20.815,7.24,12489.0,18.338333333333335,2.405,2.4766666666666666,4.835000000000001,13,105,5,36.5945945945946,0.5445544554455446,12.256666666666666,-0.40333333333333243,-0.02999999999999936
4,2,20261207,20261208,83,30,24.823333333333334,8.23,14894.0,26.74,8.685,-1.9166666666666643,-0.45500000000000007,52,88,5,4.1,6.804597701149425,13.328333333333333,24.773333333333333,8.245,14864.0,26.74,8.685,-1.966666666666665,-0.4400000000000013,56,88,5,4.1,6.839080459770115,13.383333333333333,-0.05000000000000071,0.014999999999998792
4,3,20261207,20261208,67,39,24.84,12.925,14904.0,21.536666666666665,8.505,3.3033333333333346,4.42,0,80,51,21.307692307692307,17.627659574468087,11.938333333333333,24.52,12.42,14712.0,21.536666666666665,8.505,2.9833333333333343,3.914999999999999,0,80,40,21.307692307692307,16.5531914893617,11.421666666666667,-0.3200000000000003,-0.5050000000000008
5,0,20261209,20261210,95,29,15.425,0.905,9255.0,12.505,0.875,2.92,0.030000000000000027,1,11,0,2.1379310344827585,1.0789473684210527,13.905,15.446666666666667,0.905,9268.0,12.505,0.875,2.9416666666666664,0.030000000000000027,1,11,0,2.1379310344827585,1.0789473684210527,13.913333333333334,0.0216666666666665,0.0
5,1,20261209,20261210,90,35,18.756666666666668,5.565,11254.0,16.191666666666666,5.625,2.5650000000000013,-0.05999999999999961,0,52,24,0.6285714285714286,2.986666666666667,11.923333333333334,18.795,5.735,11277.0,16.191666666666666,5.625,2.6033333333333353,0.11000000000000032,4,52,25,0.6285714285714286,3.44,12.071666666666667,0.038333333333333997,0.16999999999999993
5,2,20261209,20261210,75,24,24.838333333333335,46.51,14903.0,22.053333333333335,34.415,2.785,12.094999999999999,17,128,110,54.5,70.18811881188118,4.09,24.725,46.51,14835.0,22.053333333333335,34.415,2.671666666666667,12.094999999999999,4,128,110,54.5,70.18811881188118,3.986666666666667,-0.11333333333333329,0.0
5,3,20261209,20261210,86,29,17.23,3.1,10338.0,19.94,2.28,-2.710000000000001,0.8200000000000003,24,40,4,3.0,4.376470588235295,12.941666666666666,15.911666666666667,2.835,9547.0,19.94,2.28,-4.028333333333334,0.5550000000000002,0,29,6,3.0,3.7529411764705882,12.868333333333334,-1.3183333333333334,-0.2650000000000001
