batch,trace,demand_seed,event_seed,start_index,duration,happo_cost,happo_backlog,happo_peak_backlog,happo_final_backlog,happo_shock_backlog,happo_recovery_backlog,happo_inventory,llm_library_cost,llm_library_backlog,llm_library_peak_backlog,llm_library_final_backlog,llm_library_shock_backlog,llm_library_recovery_backlog,llm_library_inventory,cost_delta,backlog_delta
1,0,20261201,20261202,70,39,27.253333333333334,43.005,154,154,46.94871794871795,61.26373626373626,5.79,27.05666666666667,43.005,154,154,46.94871794871795,61.26373626373626,5.623333333333333,-0.19666666666666544,0.0
1,1,20261201,20261202,79,20,19.076666666666668,14.63,63,38,24.15,11.811881188118813,7.205,18.903333333333332,14.63,63,38,24.15,11.811881188118813,7.205,-0.17333333333333556,0.0
1,2,20261201,20261202,68,36,18.368333333333332,2.78,39,28,3.3333333333333335,3.78125,14.411666666666667,17.675,1.775,27,3,3.3333333333333335,1.6875,15.141666666666667,-0.6933333333333316,-1.005
1,3,20261201,20261202,75,37,49.07666666666667,122.855,244,85,145.48648648648648,176.98863636363637,3.151666666666667,46.13166666666667,120.935,229,62,145.48648648648648,172.625,2.1566666666666667,-2.9450000000000003,-1.9200000000000017
2,0,20261203,20261204,91,20,15.131666666666666,2.95,40,8,0.45,1.6629213483146068,11.323333333333334,14.58,2.875,40,3,0.45,1.4943820224719102,10.966666666666667,-0.5516666666666659,-0.07500000000000018
2,1,20261203,20261204,82,22,20.065,10.405,74,0,14.863636363636363,0.53125,13.496666666666666,21.661666666666665,10.58,74,0,14.863636363636363,0.8958333333333334,14.778333333333334,1.596666666666664,0.1750000000000007
2,2,20261203,20261204,73,25,18.391666666666666,7.0,40,32,13.56,6.578431372549019,9.753333333333334,17.491666666666667,6.125,36,7,13.56,4.862745098039215,9.798333333333334,-0.8999999999999986,-0.875
2,3,20261203,20261204,66,36,35.48,70.08,222,9,138.36111111111111,70.09183673469387,6.288333333333333,33.041666666666664,68.14,203,0,138.36111111111111,66.13265306122449,6.026666666666666,-2.4383333333333326,-1.9399999999999977
3,0,20261205,20261206,98,22,19.86,6.15,95,0,41.22727272727273,0.4125,13.715,19.43166666666667,6.155,95,0,41.22727272727273,0.425,13.258333333333333,-0.428333333333331,0.004999999999999893
3,1,20261205,20261206,77,40,19.601666666666667,2.92,24,0,2.175,3.7590361445783134,14.453333333333333,19.56,2.92,24,0,2.175,3.7590361445783134,14.455,-0.04166666666666785,0.0
3,2,20261205,20261206,80,37,17.071666666666665,11.375,75,0,47.24324324324324,1.6987951807228916,8.973333333333333,17.218333333333334,11.43,75,0,47.24324324324324,1.8313253012048192,9.058333333333334,0.14666666666666828,0.054999999999999716
3,3,20261205,20261206,82,32,41.17666666666667,86.95,219,40,162.21875,89.19767441860465,5.003333333333333,39.64666666666667,86.155,214,35,162.21875,87.34883720930233,4.448333333333333,-1.5300000000000011,-0.7950000000000017
4,0,20261207,20261208,92,25,19.953333333333333,2.705,30,8,7.44,1.9879518072289157,14.381666666666666,17.60333333333333,3.275,30,10,7.76,3.2650602409638556,12.196666666666667,-2.3500000000000014,0.5699999999999998
4,1,20261207,20261208,62,37,21.218333333333334,7.27,105,1,36.5945945945946,0.6039603960396039,12.651666666666667,20.815,7.24,105,5,36.5945945945946,0.5445544554455446,12.256666666666666,-0.40333333333333243,-0.02999999999999936
4,2,20261207,20261208,83,30,24.823333333333334,8.23,88,5,4.1,6.804597701149425,13.328333333333333,24.773333333333333,8.245,88,5,4.1,6.839080459770115,13.383333333333333,-0.05000000000000071,0.014999999999998792
4,3,20261207,20261208,67,39,24.84,12.925,80,51,21.307692307692307,17.627659574468087,11.938333333333333,24.52,12.42,80,40,21.307692307692307,16.5531914893617,11.421666666666667,-0.3200000000000003,-0.5050000000000008
5,0,20261209,20261210,95,29,15.425,0.905,11,0,2.1379310344827585,1.0789473684210527,13.905,15.446666666666667,0.905,11,0,2.1379310344827585,1.0789473684210527,13.913333333333334,0.0216666666666665,0.0
5,1,20261209,20261210,90,35,18.756666666666668,5.565,52,24,0.6285714285714286,2.986666666666667,11.923333333333334,18.795,5.735,52,25,0.6285714285714286,3.44,12.071666666666667,0.038333333333333997,0.16999999999999993
5,2,20261209,20261210,75,24,24.838333333333335,46.51,128,110,54.5,70.18811881188118,4.09,24.725,46.51,128,110,54.5,70.18811881188118,3.986666666666667,-0.11333333333333329,0.0
5,3,20261209,20261210,86,29,17.23,3.1,40,4,3.0,4.376470588235295,12.941666666666666,15.911666666666667,2.835,29,6,3.0,3.7529411764705882,12.868333333333334,-1.3183333333333334,-0.2650000000000001
