model,trace,base_mean_cost,base_shock_window_cost,base_downstream_peak_backlog,base_shock_window_backlog,base_postshock_backlog,base_terminal_backlog,shock_mean_cost,shock_shock_window_cost,shock_downstream_peak_backlog,shock_shock_window_backlog,shock_postshock_backlog,shock_terminal_backlog,delta_mean_cost,delta_shock_window_cost,delta_downstream_peak_backlog,delta_shock_window_backlog,delta_postshock_backlog,delta_terminal_backlog,recovery_delay,recovery_observed
official_best,0,20.36,12.833333333333334,36.0,0.15,0.975,0.0,17.85,26.616666666666667,51.0,7.925,1.175,0.0,-2.509999999999998,13.783333333333333,15.0,7.7749999999999995,0.20000000000000007,0.0,0,True
official_best,1,34.86666666666667,42.78333333333333,213.0,112.55,86.2375,0.0,47.58166666666666,63.2,298.0,173.8,149.525,0.0,12.714999999999996,20.41666666666667,85.0,61.250000000000014,63.28750000000001,0.0,67,True
official_best,2,23.221666666666668,26.766666666666666,86.0,35.35,5.1625,0.0,24.756666666666668,33.19166666666667,93.0,73.375,10.175,0.0,1.5350000000000001,6.425000000000004,7.0,38.025,5.012500000000001,0.0,17,True
official_best,3,14.118333333333334,12.95,10.0,1.05,0.2125,0.0,13.978333333333333,9.016666666666667,10.0,0.6,0.0,0.0,-0.14000000000000057,-3.933333333333332,0.0,-0.45000000000000007,-0.2125,0.0,0,True
official_best,4,26.691666666666666,34.083333333333336,100.0,80.325,26.1375,36.0,33.22666666666667,47.18333333333333,164.0,120.225,62.5125,27.0,6.535,13.099999999999994,64.0,39.89999999999999,36.375,-9.0,44,True
official_best,5,52.07333333333333,37.00833333333333,343.0,95.0,230.3625,343.0,66.1,51.141666666666666,427.0,137.4,314.3625,427.0,14.026666666666664,14.133333333333333,84.0,42.400000000000006,84.0,84.0,,False
official_best,6,17.268333333333334,9.633333333333333,70.0,2.45,10.1875,12.0,23.548333333333332,20.941666666666666,65.0,9.475,10.8125,11.0,6.279999999999998,11.308333333333334,-5.0,7.0249999999999995,0.625,-1.0,4,True
official_best,7,16.35333333333333,18.15,75.0,7.625,0.6125,0.0,21.456666666666667,24.175,78.0,52.625,0.7875,0.0,5.103333333333335,6.025000000000002,3.0,45.0,0.17499999999999993,0.0,0,True
official_best,8,16.966666666666665,11.941666666666666,45.0,1.375,9.3375,28.0,20.323333333333334,25.358333333333334,48.0,4.0,7.2125,40.0,3.356666666666669,13.416666666666668,3.0,2.625,-2.125,12.0,12,True
official_best,9,17.893333333333334,23.058333333333334,43.0,3.55,3.2875,0.0,21.621666666666666,28.9,84.0,25.15,3.8625,0.0,3.7283333333333317,5.841666666666665,41.0,21.599999999999998,0.5749999999999997,0.0,0,True
official_best,10,17.445,15.416666666666666,29.0,0.725,2.675,0.0,15.835,16.783333333333335,17.0,1.575,0.9625,0.0,-1.6099999999999994,1.366666666666669,-12.0,0.85,-1.7125,0.0,0,True
official_best,11,15.185,24.091666666666665,60.0,13.675,1.5375,0.0,19.446666666666665,45.108333333333334,116.0,75.15,1.875,0.0,4.261666666666665,21.01666666666667,56.0,61.47500000000001,0.3374999999999999,0.0,4,True
official_best,12,24.505,21.1,55.0,0.925,2.3875,5.0,23.406666666666666,16.25,55.0,0.675,1.625,0.0,-1.0983333333333327,-4.850000000000001,0.0,-0.25,-0.7625000000000002,-5.0,0,True
official_best,13,15.441666666666666,13.991666666666667,8.0,2.1,1.1875,1.0,20.291666666666668,17.466666666666665,11.0,2.925,1.125,0.0,4.850000000000001,3.474999999999998,3.0,0.8249999999999997,-0.0625,-1.0,2,True
official_best,14,24.94333333333333,24.7,135.0,21.275,11.9125,0.0,25.933333333333334,27.733333333333334,135.0,53.225,13.3875,0.0,0.990000000000002,3.033333333333335,0.0,31.950000000000003,1.4749999999999996,0.0,0,True
official_best,15,38.663333333333334,33.575,200.0,78.075,104.0,6.0,46.82,43.50833333333333,235.0,111.475,142.7375,2.0,8.156666666666666,9.93333333333333,35.0,33.39999999999999,38.73750000000001,-4.0,63,True
official_best,16,22.938333333333333,34.525,36.0,0.15,2.6125,0.0,25.326666666666668,25.2,39.0,0.975,6.6,18.0,2.3883333333333354,-9.325,3.0,0.825,3.9875,18.0,0,True
official_best,17,17.1,16.391666666666666,66.0,3.275,26.325,5.0,21.31833333333333,23.175,82.0,48.0,29.2125,7.0,4.21833333333333,6.783333333333335,16.0,44.725,2.8874999999999993,2.0,1,True
official_best,18,14.976666666666667,13.108333333333333,19.0,0.85,0.8875,6.0,14.855,11.141666666666667,19.0,0.75,1.975,3.0,-0.12166666666666615,-1.966666666666665,0.0,-0.09999999999999998,1.0875000000000001,-3.0,0,True
official_best,19,23.303333333333335,25.1,87.0,36.25,26.175,8.0,33.80833333333333,38.11666666666667,185.0,94.1,95.45,6.0,10.504999999999995,13.016666666666666,98.0,57.849999999999994,69.275,-2.0,52,True
final,0,15.635,13.183333333333334,10.0,0.05,0.2125,0.0,15.976666666666667,22.266666666666666,25.0,4.675,0.325,0.0,0.3416666666666668,9.083333333333332,15.0,4.625,0.11250000000000002,0.0,0,True
final,1,31.338333333333335,36.475,156.0,90.025,56.3125,0.0,41.2,50.21666666666667,194.0,123.7,77.025,0.0,9.861666666666668,13.741666666666667,38.0,33.675,20.712500000000006,0.0,47,True
final,2,24.313333333333333,26.983333333333334,82.0,29.45,5.45,0.0,24.241666666666667,30.691666666666666,105.0,74.25,9.25,0.0,-0.07166666666666544,3.708333333333332,23.0,44.8,3.8,0.0,13,True
final,3,24.378333333333334,31.591666666666665,11.0,0.1,0.0625,0.0,21.06833333333333,28.408333333333335,11.0,0.25,0.0,0.0,-3.3100000000000023,-3.18333333333333,0.0,0.15,-0.0625,0.0,0,True
final,4,21.428333333333335,27.675,81.0,57.575,26.825,14.0,24.44,32.391666666666666,117.0,83.175,36.275,21.0,3.0116666666666667,4.716666666666665,36.0,25.599999999999994,9.45,7.0,25,True
final,5,50.26833333333333,43.425,250.0,93.275,169.35,250.0,85.35166666666667,73.775,334.0,135.675,252.575,334.0,35.08333333333334,30.35000000000001,84.0,42.400000000000006,83.225,84.0,,False
final,6,13.83,8.483333333333333,54.0,1.25,8.7375,0.0,20.871666666666666,15.583333333333334,90.0,5.175,16.775,5.0,7.041666666666666,7.100000000000001,36.0,3.925,8.037499999999998,5.0,2,True
final,7,18.815,20.675,38.0,0.275,0.25,0.0,21.976666666666667,32.34166666666667,41.0,20.45,0.4625,0.0,3.1616666666666653,11.666666666666668,3.0,20.175,0.21250000000000002,0.0,0,True
final,8,15.17,15.358333333333333,47.0,0.45,6.85,22.0,14.431666666666667,11.475,30.0,1.25,4.925,4.0,-0.7383333333333333,-3.883333333333333,-17.0,0.8,-1.9249999999999998,-18.0,0,True
final,9,16.123333333333335,22.883333333333333,27.0,5.5,1.275,0.0,20.883333333333333,31.008333333333333,84.0,26.925,3.2875,0.0,4.759999999999998,8.125,57.0,21.425,2.0125,0.0,0,True
final,10,16.301666666666666,18.575,25.0,0.025,0.8375,0.0,17.46,26.533333333333335,25.0,1.525,0.3375,0.0,1.158333333333335,7.958333333333336,0.0,1.5,-0.5,0.0,0,True
final,11,15.973333333333333,17.383333333333333,40.0,8.725,3.2,0.0,21.18166666666667,42.833333333333336,103.0,65.925,3.6375,0.0,5.208333333333336,25.450000000000003,63.0,57.199999999999996,0.4375,0.0,7,True
final,12,21.093333333333334,13.691666666666666,40.0,0.225,1.675,0.0,18.813333333333333,16.325,40.0,0.475,1.0,0.0,-2.280000000000001,2.633333333333333,0.0,0.24999999999999997,-0.675,0.0,0,True
final,13,15.203333333333333,16.133333333333333,8.0,0.55,0.2875,0.0,17.941666666666666,15.1,9.0,1.025,0.325,0.0,2.7383333333333333,-1.0333333333333332,1.0,0.47499999999999987,0.03750000000000003,0.0,0,True
final,14,21.593333333333334,22.516666666666666,86.0,10.225,10.4125,0.0,21.925,25.683333333333334,86.0,42.25,9.2625,0.0,0.331666666666667,3.166666666666668,0.0,32.025,-1.1500000000000004,0.0,0,True
final,15,53.90833333333333,46.9,181.0,99.1,96.3,0.0,58.083333333333336,53.69166666666667,192.0,112.875,104.0625,0.0,4.175000000000004,6.791666666666671,11.0,13.775000000000006,7.762500000000003,0.0,56,True
final,16,16.363333333333333,14.191666666666666,26.0,0.15,2.25,2.0,16.455,16.625,23.0,1.1,1.2875,0.0,0.09166666666666501,2.4333333333333336,-3.0,0.9500000000000001,-0.9624999999999999,-2.0,0,True
final,17,22.288333333333334,11.575,87.0,1.425,33.1375,0.0,26.076666666666668,23.358333333333334,101.0,48.475,41.2125,1.0,3.788333333333334,11.783333333333335,14.0,47.050000000000004,8.074999999999996,1.0,4,True
final,18,17.148333333333333,15.841666666666667,29.0,0.625,0.1375,2.0,16.516666666666666,12.616666666666667,29.0,2.8,0.225,4.0,-0.6316666666666677,-3.2249999999999996,0.0,2.175,0.0875,2.0,0,True
final,19,23.198333333333334,22.833333333333332,101.0,42.75,39.0125,0.0,42.64833333333333,47.083333333333336,182.0,107.7,83.275,3.0,19.45,24.250000000000004,81.0,64.95,44.2625,3.0,48,True
