step,phase,mean_actor_period_cost
0,evaluation,570.2488333333333
1000,training,117.87433624267578
2000,training,104.84699249267578
3000,training,135.30934143066406
4000,training,78.4429931640625
5000,training,148.7686767578125
5000,evaluation,280.43816666666663
6000,training,162.73199462890625
7000,training,187.5913543701172
8000,training,168.54832458496094
9000,training,154.260009765625
10000,training,190.295654296875
10000,evaluation,188.47833333333335
11000,training,96.29366302490234
12000,training,104.36933135986328
13000,training,139.63465881347656
14000,training,158.2896728515625
15000,training,60.676666259765625
15000,evaluation,475.1930833333333
16000,training,123.75067138671875
17000,training,116.5046615600586
18000,training,100.94133758544922
19000,training,81.93033599853516
20000,training,95.67633056640625
20000,evaluation,176.66383333333332
21000,training,83.8203353881836
22000,training,74.66667175292969
23000,training,132.47833251953125
24000,training,143.4253387451172
25000,training,106.33100128173828
25000,evaluation,219.74425
26000,training,150.44764709472656
27000,training,131.0433349609375
28000,training,107.385009765625
29000,training,128.0166473388672
30000,training,91.00533294677734
30000,evaluation,187.97791666666666
31000,training,63.71266174316406
32000,training,118.60733032226562
33000,training,76.9156723022461
34000,training,120.3689956665039
35000,training,120.2513427734375
35000,evaluation,114.91816666666668
36000,training,90.01532745361328
37000,training,103.4296646118164
38000,training,94.11734008789062
39000,training,74.0479965209961
40000,training,85.1546630859375
40000,evaluation,105.5735
41000,training,95.15299224853516
42000,training,78.52933502197266
43000,training,115.5893325805664
44000,training,79.72000122070312
45000,training,98.74365997314453
45000,evaluation,113.83483333333335
46000,training,106.30133056640625
47000,training,51.22900390625
48000,training,82.83833312988281
49000,training,50.233001708984375
50000,training,67.35099792480469
50000,evaluation,81.5205
51000,training,56.5123291015625
52000,training,51.97467041015625
53000,training,84.92400360107422
54000,training,64.22232818603516
55000,training,70.14665985107422
55000,evaluation,140.8193333333333
56000,training,73.36800384521484
57000,training,57.30232620239258
58000,training,57.96833419799805
59000,training,58.21467208862305
60000,training,71.552001953125
60000,evaluation,95.58008333333333
61000,training,47.19533157348633
62000,training,66.19766998291016
63000,training,95.68466186523438
64000,training,54.3650016784668
65000,training,152.4413299560547
65000,evaluation,96.80233333333332
66000,training,108.2760009765625
67000,training,66.31033325195312
68000,training,71.24333190917969
69000,training,55.46333312988281
70000,training,56.88632583618164
70000,evaluation,104.80883333333334
71000,training,67.2526626586914
72000,training,70.4209976196289
73000,training,68.44300079345703
74000,training,86.2213363647461
75000,training,132.5296630859375
75000,evaluation,64.40066666666667
76000,training,77.55432891845703
77000,training,81.9209976196289
78000,training,52.29133605957031
79000,training,99.13167572021484
80000,training,76.3949966430664
80000,evaluation,139.47733333333335
81000,training,86.3536605834961
82000,training,61.7263298034668
83000,training,67.12466430664062
84000,training,40.88600158691406
85000,training,82.47032928466797
85000,evaluation,91.23858333333332
86000,training,87.684326171875
87000,training,45.5433349609375
88000,training,73.93700408935547
89000,training,57.25166702270508
90000,training,49.072662353515625
90000,evaluation,59.71391666666667
91000,training,66.54733276367188
92000,training,34.29999923706055
93000,training,84.2733383178711
94000,training,36.84000015258789
95000,training,53.52000045776367
95000,evaluation,49.562583333333336
96000,training,66.0096664428711
97000,training,57.81633377075195
98000,training,57.241668701171875
99000,training,62.391998291015625
100000,training,50.82099914550781
100000,evaluation,44.9145
101000,training,56.83333206176758
102000,training,62.70833206176758
103000,training,42.621002197265625
104000,training,62.91566848754883
105000,training,39.509334564208984
105000,evaluation,46.07025
106000,training,72.53600311279297
107000,training,52.17599868774414
108000,training,43.0780029296875
109000,training,52.33866500854492
110000,training,33.0706672668457
110000,evaluation,40.2105
111000,training,32.39666748046875
112000,training,40.92100143432617
113000,training,37.32966613769531
114000,training,39.21366882324219
115000,training,42.6733283996582
115000,evaluation,42.240333333333325
116000,training,48.23833084106445
117000,training,42.279998779296875
118000,training,34.913330078125
119000,training,43.69032669067383
120000,training,38.38066482543945
120000,evaluation,38.957166666666666
121000,training,40.37466812133789
122000,training,33.55766677856445
123000,training,54.30233383178711
124000,training,41.44099807739258
125000,training,41.21733093261719
125000,evaluation,37.6695
126000,training,41.643001556396484
127000,training,41.25566482543945
128000,training,32.788330078125
129000,training,43.01633834838867
130000,training,47.5260009765625
130000,evaluation,33.3785
131000,training,32.98866653442383
132000,training,46.021331787109375
133000,training,38.84866714477539
134000,training,27.304000854492188
135000,training,41.70199966430664
135000,evaluation,31.94625
136000,training,35.408329010009766
137000,training,41.62900161743164
138000,training,33.279666900634766
139000,training,32.06800079345703
140000,training,58.784000396728516
140000,evaluation,39.68975
141000,training,26.902999877929688
142000,training,27.075332641601562
143000,training,27.922332763671875
144000,training,35.93299865722656
145000,training,43.89133071899414
145000,evaluation,39.50091666666667
146000,training,56.0210075378418
147000,training,31.04866600036621
148000,training,30.446334838867188
149000,training,33.76066589355469
150000,training,55.16600036621094
150000,evaluation,35.27441666666667
151000,training,39.30032730102539
152000,training,38.7859992980957
153000,training,27.635665893554688
154000,training,40.710330963134766
155000,training,37.54100036621094
155000,evaluation,45.1775
156000,training,28.108001708984375
157000,training,31.950332641601562
158000,training,28.461669921875
159000,training,26.174001693725586
160000,training,45.81399917602539
160000,evaluation,42.03216666666666
161000,training,38.01566696166992
162000,training,40.40800094604492
163000,training,25.953332901000977
164000,training,35.39433288574219
165000,training,30.847333908081055
165000,evaluation,43.66575
166000,training,35.96799850463867
167000,training,28.077667236328125
168000,training,33.327999114990234
169000,training,24.832666397094727
170000,training,29.02666664123535
170000,evaluation,35.479166666666664
171000,training,25.19933319091797
172000,training,35.141666412353516
173000,training,43.32233810424805
174000,training,70.58733367919922
175000,training,30.23400115966797
175000,evaluation,40.516416666666665
176000,training,52.556671142578125
177000,training,27.15799903869629
178000,training,34.99800109863281
179000,training,37.117000579833984
180000,training,38.56633377075195
180000,evaluation,41.44541666666667
181000,training,27.2536678314209
182000,training,43.33599853515625
183000,training,31.2030029296875
184000,training,39.88566589355469
185000,training,29.23333168029785
185000,evaluation,41.242583333333336
186000,training,37.22366714477539
187000,training,34.71833419799805
188000,training,27.529335021972656
189000,training,31.87066650390625
190000,training,24.17500114440918
190000,evaluation,39.10841666666667
191000,training,23.161666870117188
192000,training,21.848665237426758
193000,training,52.1943359375
194000,training,26.235666275024414
195000,training,30.93866729736328
195000,evaluation,40.89966666666667
196000,training,21.715002059936523
197000,training,39.78266525268555
198000,training,28.014333724975586
199000,training,22.20800018310547
200000,training,28.578001022338867
200000,evaluation,38.98833333333333
201000,training,27.42366600036621
202000,training,26.702667236328125
203000,training,27.746665954589844
204000,training,23.08799934387207
205000,training,30.709665298461914
205000,evaluation,42.537416666666665
206000,training,50.341670989990234
207000,training,35.94166946411133
208000,training,27.465002059936523
209000,training,40.647335052490234
210000,training,37.04233169555664
210000,evaluation,44.66983333333334
211000,training,26.500999450683594
212000,training,24.815332412719727
213000,training,36.39666748046875
214000,training,25.46966552734375
215000,training,24.053665161132812
215000,evaluation,40.82525
216000,training,29.588998794555664
217000,training,34.214332580566406
218000,training,27.83300018310547
219000,training,30.41400146484375
220000,training,27.036331176757812
220000,evaluation,34.751333333333335
221000,training,25.031999588012695
222000,training,28.697668075561523
223000,training,32.95933532714844
224000,training,33.621334075927734
225000,training,30.45833396911621
225000,evaluation,31.291416666666663
226000,training,32.36866760253906
227000,training,30.8886661529541
228000,training,32.625
229000,training,23.261001586914062
230000,training,32.022666931152344
230000,evaluation,31.568666666666665
231000,training,22.70566749572754
232000,training,23.79166603088379
233000,training,37.41533279418945
234000,training,22.78333282470703
235000,training,26.4616641998291
235000,evaluation,29.245833333333337
236000,training,35.1609992980957
237000,training,24.114999771118164
238000,training,26.454666137695312
239000,training,24.69233512878418
240000,training,27.36566734313965
240000,evaluation,33.54358333333333
241000,training,23.06999969482422
242000,training,26.435998916625977
243000,training,27.07900047302246
244000,training,29.739667892456055
245000,training,53.759334564208984
245000,evaluation,95.39391666666666
246000,training,29.143667221069336
247000,training,20.17566680908203
248000,training,24.959665298461914
249000,training,27.54599952697754
250000,training,27.75
250000,evaluation,36.711333333333336
251000,training,30.092666625976562
252000,training,26.437002182006836
253000,training,45.24399948120117
254000,training,21.025331497192383
255000,training,25.754667282104492
255000,evaluation,24.823916666666666
256000,training,22.556665420532227
257000,training,31.588668823242188
258000,training,24.713333129882812
259000,training,32.621334075927734
260000,training,27.511667251586914
260000,evaluation,37.27858333333334
261000,training,19.64299964904785
262000,training,24.29199981689453
263000,training,23.589998245239258
264000,training,23.54400062561035
265000,training,21.240999221801758
265000,evaluation,27.769916666666667
266000,training,50.37266540527344
267000,training,23.43400001525879
268000,training,23.8539981842041
269000,training,23.42066764831543
270000,training,18.89499855041504
270000,evaluation,24.388
271000,training,33.51433563232422
272000,training,23.729665756225586
273000,training,37.89899826049805
274000,training,21.979333877563477
275000,training,95.99566650390625
275000,evaluation,36.511583333333334
276000,training,20.939332962036133
277000,training,33.42133331298828
278000,training,27.072668075561523
279000,training,25.446998596191406
280000,training,56.52299880981445
280000,evaluation,45.89416666666666
281000,training,41.7910041809082
282000,training,35.227664947509766
283000,training,72.802001953125
284000,training,69.04100036621094
285000,training,58.38033676147461
285000,evaluation,77.6225
286000,training,41.9109992980957
287000,training,16.724000930786133
288000,training,71.5666732788086
289000,training,31.634666442871094
290000,training,55.4703369140625
290000,evaluation,91.29016666666665
291000,training,41.96200180053711
292000,training,23.54399871826172
293000,training,26.207334518432617
294000,training,22.63199806213379
295000,training,24.816667556762695
295000,evaluation,134.37925
296000,training,31.668333053588867
297000,training,20.586000442504883
298000,training,51.173336029052734
299000,training,99.0110092163086
300000,training,71.86266326904297
300000,evaluation,153.95658333333336
301000,training,71.70999908447266
302000,training,31.338333129882812
303000,training,20.681665420532227
304000,training,22.805665969848633
305000,training,68.7806625366211
305000,evaluation,99.21283333333335
306000,training,45.45366287231445
307000,training,23.725000381469727
308000,training,22.004663467407227
309000,training,30.381668090820312
310000,training,37.78233337402344
310000,evaluation,26.933333333333334
311000,training,19.9256649017334
312000,training,37.96699905395508
313000,training,42.35166549682617
314000,training,25.185333251953125
315000,training,25.845335006713867
315000,evaluation,27.646
316000,training,51.27000045776367
317000,training,45.720001220703125
318000,training,23.332334518432617
319000,training,34.817996978759766
320000,training,37.41633224487305
320000,evaluation,24.422416666666667
321000,training,22.66066551208496
322000,training,22.1386661529541
323000,training,74.15900421142578
324000,training,22.932998657226562
325000,training,26.161666870117188
325000,evaluation,26.71175
326000,training,20.79400062561035
327000,training,21.01933479309082
328000,training,17.750999450683594
329000,training,22.334999084472656
330000,training,22.809667587280273
330000,evaluation,39.50091666666667
331000,training,40.61899948120117
332000,training,41.5123291015625
333000,training,21.6820011138916
334000,training,22.751333236694336
335000,training,30.88800048828125
335000,evaluation,39.738
336000,training,27.98466682434082
337000,training,19.060333251953125
338000,training,33.9543342590332
339000,training,24.80933380126953
340000,training,21.7463321685791
340000,evaluation,35.274583333333325
341000,training,24.04399871826172
342000,training,19.097999572753906
343000,training,31.327001571655273
344000,training,18.14966583251953
345000,training,134.02032470703125
345000,evaluation,64.897
346000,training,27.838998794555664
347000,training,35.93266677856445
348000,training,55.83732986450195
349000,training,18.892332077026367
350000,training,49.5716667175293
350000,evaluation,41.384
351000,training,43.56666564941406
352000,training,38.69000244140625
353000,training,40.792335510253906
354000,training,80.3393325805664
355000,training,70.17300415039062
355000,evaluation,38.43658333333333
356000,training,39.300662994384766
357000,training,23.190000534057617
358000,training,44.1879997253418
359000,training,30.41666603088379
360000,training,21.95966911315918
360000,evaluation,36.25658333333333
361000,training,23.286333084106445
362000,training,27.74199867248535
363000,training,90.2770004272461
364000,training,46.52900314331055
365000,training,37.943668365478516
365000,evaluation,55.3675
366000,training,64.55767059326172
367000,training,53.01333236694336
368000,training,49.577667236328125
369000,training,51.473331451416016
370000,training,53.12599563598633
370000,evaluation,49.2865
371000,training,35.611000061035156
372000,training,84.0606689453125
373000,training,55.24199295043945
374000,training,34.34600067138672
375000,training,43.36366271972656
375000,evaluation,29.92908333333333
376000,training,37.232330322265625
377000,training,22.2276668548584
378000,training,29.14033317565918
379000,training,23.007667541503906
380000,training,25.360666275024414
380000,evaluation,29.130083333333328
381000,training,53.74399948120117
382000,training,28.5383358001709
383000,training,19.788999557495117
384000,training,38.95633316040039
385000,training,18.845333099365234
385000,evaluation,30.209833333333336
386000,training,22.9963321685791
387000,training,23.616668701171875
388000,training,27.95100212097168
389000,training,72.57333374023438
390000,training,22.130334854125977
390000,evaluation,31.375083333333333
391000,training,48.46266555786133
392000,training,60.4976692199707
393000,training,21.792665481567383
394000,training,38.48533248901367
395000,training,28.22100067138672
395000,evaluation,29.36775
396000,training,48.0976676940918
397000,training,22.34666633605957
398000,training,49.53199768066406
399000,training,27.8799991607666
400000,training,32.91533279418945
400000,evaluation,28.382499999999997
401000,training,18.1733341217041
402000,training,22.726669311523438
403000,training,26.47166633605957
404000,training,24.57433319091797
405000,training,30.409332275390625
405000,evaluation,29.4205
406000,training,23.20433235168457
407000,training,21.05533218383789
408000,training,47.7933349609375
409000,training,35.4530029296875
410000,training,39.38166427612305
410000,evaluation,28.05875
411000,training,21.911666870117188
412000,training,33.92399978637695
413000,training,33.82266616821289
414000,training,41.25833511352539
415000,training,32.30033493041992
415000,evaluation,29.895999999999997
416000,training,21.55766487121582
417000,training,24.39433479309082
418000,training,37.1706657409668
419000,training,32.78366470336914
420000,training,29.851999282836914
420000,evaluation,30.434916666666663
421000,training,28.481332778930664
422000,training,21.522001266479492
423000,training,68.1806640625
424000,training,21.742334365844727
425000,training,31.838666915893555
425000,evaluation,31.745916666666663
426000,training,26.040334701538086
427000,training,23.71433448791504
428000,training,17.93800163269043
429000,training,35.54399871826172
430000,training,27.812667846679688
430000,evaluation,30.34058333333333
431000,training,24.485000610351562
432000,training,29.129667282104492
433000,training,43.483333587646484
434000,training,22.503999710083008
435000,training,24.90766716003418
435000,evaluation,24.108583333333335
436000,training,32.28366470336914
437000,training,24.012664794921875
438000,training,30.417665481567383
439000,training,25.08733367919922
440000,training,20.301000595092773
440000,evaluation,23.72125
441000,training,27.125
442000,training,37.413997650146484
443000,training,29.424667358398438
444000,training,35.656333923339844
445000,training,18.597000122070312
445000,evaluation,23.49175
446000,training,21.086666107177734
447000,training,29.994667053222656
448000,training,25.8193302154541
449000,training,45.090999603271484
450000,training,24.033998489379883
450000,evaluation,27.61825
451000,training,29.888334274291992
452000,training,33.284332275390625
453000,training,20.987998962402344
454000,training,20.841333389282227
455000,training,22.22166633605957
455000,evaluation,28.115666666666673
456000,training,34.40366744995117
457000,training,23.942001342773438
458000,training,36.67966842651367
459000,training,34.775333404541016
460000,training,22.959665298461914
460000,evaluation,30.504166666666666
461000,training,30.235000610351562
462000,training,23.928335189819336
463000,training,18.195999145507812
464000,training,23.15399932861328
465000,training,30.16666603088379
465000,evaluation,28.502333333333336
466000,training,23.04866600036621
467000,training,26.77899932861328
468000,training,24.277334213256836
469000,training,33.557003021240234
470000,training,21.09466552734375
470000,evaluation,27.25691666666667
471000,training,22.178665161132812
472000,training,21.378000259399414
473000,training,22.515335083007812
474000,training,27.24199867248535
475000,training,28.78566551208496
475000,evaluation,27.47725
476000,training,31.46433448791504
477000,training,22.21466636657715
478000,training,24.272668838500977
479000,training,27.709665298461914
480000,training,24.599334716796875
480000,evaluation,25.001333333333335
481000,training,35.99966812133789
482000,training,20.29399871826172
483000,training,23.03299903869629
484000,training,37.4206657409668
485000,training,27.885332107543945
485000,evaluation,42.673
486000,training,22.48699951171875
487000,training,40.10000228881836
488000,training,19.040664672851562
489000,training,54.58399963378906
490000,training,18.494001388549805
490000,evaluation,38.81566666666667
491000,training,58.01666259765625
492000,training,49.69199752807617
493000,training,35.80233383178711
494000,training,23.547666549682617
495000,training,54.2053337097168
495000,evaluation,39.80683333333333
496000,training,33.224002838134766
497000,training,47.37666320800781
498000,training,36.00166702270508
499000,training,50.361663818359375
500000,training,67.29399871826172
500000,evaluation,35.990916666666664
501000,training,25.48699951171875
502000,training,23.685333251953125
503000,training,35.9543342590332
504000,training,35.722999572753906
505000,training,45.23833084106445
505000,evaluation,31.227250000000005
506000,training,54.189334869384766
507000,training,18.557998657226562
508000,training,20.0506649017334
509000,training,18.7723331451416
510000,training,41.211334228515625
510000,evaluation,40.06708333333333
511000,training,42.57600021362305
512000,training,21.320999145507812
513000,training,36.75433349609375
514000,training,50.00533676147461
515000,training,31.406335830688477
515000,evaluation,31.533333333333335
516000,training,19.633665084838867
517000,training,27.490333557128906
518000,training,19.284666061401367
519000,training,26.456666946411133
520000,training,20.55433464050293
520000,evaluation,27.519583333333337
521000,training,31.46666717529297
522000,training,26.398000717163086
523000,training,23.094335556030273
524000,training,28.336334228515625
525000,training,24.54866600036621
525000,evaluation,29.429916666666664
526000,training,32.043331146240234
527000,training,59.91533279418945
528000,training,18.07200050354004
529000,training,37.7140007019043
530000,training,35.00099563598633
530000,evaluation,28.504
531000,training,22.854665756225586
532000,training,41.86933517456055
533000,training,20.43800163269043
534000,training,27.988332748413086
535000,training,26.749666213989258
535000,evaluation,29.4245
536000,training,30.54566764831543
537000,training,28.832666397094727
538000,training,27.195669174194336
539000,training,24.655000686645508
540000,training,28.909666061401367
540000,evaluation,29.009500000000003
541000,training,28.874000549316406
542000,training,38.63066864013672
543000,training,23.503332138061523
544000,training,22.99566650390625
545000,training,22.615999221801758
545000,evaluation,26.475083333333338
546000,training,34.90999984741211
547000,training,25.66033363342285
548000,training,41.50166702270508
549000,training,22.03299903869629
550000,training,22.819000244140625
550000,evaluation,30.021833333333337
551000,training,28.34400177001953
552000,training,21.48466682434082
553000,training,27.310333251953125
554000,training,26.347665786743164
555000,training,18.71466636657715
555000,evaluation,25.189916666666665
556000,training,38.897666931152344
557000,training,36.4666633605957
558000,training,20.797332763671875
559000,training,23.58500099182129
560000,training,32.150665283203125
560000,evaluation,25.26308333333333
561000,training,24.90633201599121
562000,training,18.448667526245117
563000,training,30.263999938964844
564000,training,36.42933654785156
565000,training,19.70133399963379
565000,evaluation,23.791416666666667
566000,training,39.788665771484375
567000,training,20.398000717163086
568000,training,19.47100067138672
569000,training,30.39400291442871
570000,training,26.422666549682617
570000,evaluation,24.233583333333332
571000,training,21.077333450317383
572000,training,30.0136661529541
573000,training,26.783666610717773
574000,training,16.581335067749023
575000,training,30.19866371154785
575000,evaluation,23.08175
576000,training,22.629335403442383
577000,training,33.288333892822266
578000,training,31.460668563842773
579000,training,17.755666732788086
580000,training,18.705665588378906
580000,evaluation,23.35575
581000,training,28.925668716430664
582000,training,20.78999900817871
583000,training,19.514667510986328
584000,training,36.442665100097656
585000,training,23.12299919128418
585000,evaluation,23.354
586000,training,21.355331420898438
587000,training,21.733999252319336
588000,training,20.681665420532227
589000,training,21.810667037963867
590000,training,22.888999938964844
590000,evaluation,22.547666666666665
591000,training,25.51166534423828
592000,training,39.73433303833008
593000,training,27.04199981689453
594000,training,19.708999633789062
595000,training,18.5766658782959
595000,evaluation,21.713083333333337
596000,training,27.860666275024414
597000,training,27.781333923339844
598000,training,34.595333099365234
599000,training,28.71666717529297
600000,training,23.719335556030273
600000,evaluation,23.0875
601000,training,24.68699836730957
602000,training,37.900333404541016
603000,training,20.126665115356445
604000,training,29.00600242614746
605000,training,21.046667098999023
605000,evaluation,24.23275
606000,training,17.582000732421875
607000,training,31.049001693725586
608000,training,23.13633155822754
609000,training,24.448999404907227
610000,training,20.29800033569336
610000,evaluation,22.64675
611000,training,17.987335205078125
612000,training,19.642000198364258
613000,training,25.43699836730957
614000,training,34.74466323852539
615000,training,30.8973331451416
615000,evaluation,23.819833333333335
616000,training,30.302331924438477
617000,training,34.419002532958984
618000,training,30.770668029785156
619000,training,29.231666564941406
620000,training,36.2869987487793
620000,evaluation,23.453916666666665
621000,training,20.871335983276367
622000,training,33.65999984741211
623000,training,28.929000854492188
624000,training,34.569000244140625
625000,training,30.565664291381836
625000,evaluation,21.81475
626000,training,32.956329345703125
627000,training,39.7573356628418
628000,training,28.246667861938477
629000,training,20.021665573120117
630000,training,37.182003021240234
630000,evaluation,21.091166666666663
631000,training,24.303667068481445
632000,training,23.064001083374023
633000,training,23.794998168945312
634000,training,41.23733139038086
635000,training,19.434999465942383
635000,evaluation,20.924
636000,training,31.48200035095215
637000,training,16.270334243774414
638000,training,24.559999465942383
639000,training,20.963333129882812
640000,training,18.63433265686035
640000,evaluation,20.399833333333333
641000,training,20.823999404907227
642000,training,24.090667724609375
643000,training,26.1460018157959
644000,training,15.928665161132812
645000,training,21.790000915527344
645000,evaluation,36.85075
646000,training,21.347333908081055
647000,training,48.04867172241211
648000,training,50.12399673461914
649000,training,29.886999130249023
650000,training,18.857999801635742
650000,evaluation,21.967
651000,training,20.284000396728516
652000,training,23.623998641967773
653000,training,18.13066864013672
654000,training,60.63166809082031
655000,training,18.935998916625977
655000,evaluation,20.89175
656000,training,19.928667068481445
657000,training,18.701000213623047
658000,training,21.048002243041992
659000,training,34.76166915893555
660000,training,45.13600158691406
660000,evaluation,20.86491666666667
661000,training,21.689666748046875
662000,training,19.43699836730957
663000,training,19.8613338470459
664000,training,28.023666381835938
665000,training,20.560335159301758
665000,evaluation,21.2025
666000,training,21.4963321685791
667000,training,17.87566566467285
668000,training,32.003334045410156
669000,training,18.91866683959961
670000,training,18.510000228881836
670000,evaluation,21.0475
671000,training,16.058000564575195
672000,training,25.379669189453125
673000,training,17.476667404174805
674000,training,22.748998641967773
675000,training,29.783668518066406
675000,evaluation,25.33425
676000,training,28.72133445739746
677000,training,24.967666625976562
678000,training,20.851333618164062
679000,training,31.064332962036133
680000,training,45.09266662597656
680000,evaluation,27.623833333333337
681000,training,21.562997817993164
682000,training,22.465667724609375
683000,training,23.698667526245117
684000,training,31.38566780090332
685000,training,23.689666748046875
685000,evaluation,26.27875
686000,training,17.1929988861084
687000,training,22.55500030517578
688000,training,25.970666885375977
689000,training,22.71099853515625
690000,training,36.4726676940918
690000,evaluation,36.30808333333333
691000,training,40.7400016784668
692000,training,15.905667304992676
693000,training,25.3526668548584
694000,training,43.69600296020508
695000,training,22.66033172607422
695000,evaluation,26.040666666666667
696000,training,22.835668563842773
697000,training,31.62366485595703
698000,training,58.815670013427734
699000,training,35.88199996948242
700000,training,27.446664810180664
700000,evaluation,38.65316666666667
701000,training,25.248001098632812
702000,training,21.329336166381836
703000,training,23.970335006713867
704000,training,14.992667198181152
705000,training,27.05699920654297
705000,evaluation,28.30625
706000,training,28.68266487121582
707000,training,55.39533615112305
708000,training,24.026334762573242
709000,training,24.980667114257812
710000,training,21.15733528137207
710000,evaluation,37.0275
711000,training,26.57633399963379
712000,training,28.917335510253906
713000,training,40.57699966430664
714000,training,21.9776668548584
715000,training,60.4406623840332
715000,evaluation,52.40866666666666
716000,training,38.7226676940918
717000,training,43.102996826171875
718000,training,50.643001556396484
719000,training,34.86433410644531
720000,training,19.22733497619629
720000,evaluation,57.520083333333325
721000,training,46.08732986450195
722000,training,27.447668075561523
723000,training,34.11866760253906
724000,training,19.14900016784668
725000,training,34.3380012512207
725000,evaluation,41.0005
726000,training,25.67933464050293
727000,training,18.105667114257812
728000,training,18.064001083374023
729000,training,29.290666580200195
730000,training,32.51633071899414
730000,evaluation,44.67425
731000,training,62.47966384887695
732000,training,31.225997924804688
733000,training,31.546998977661133
734000,training,24.192001342773438
735000,training,32.60100173950195
735000,evaluation,48.2905
736000,training,16.900333404541016
737000,training,17.062665939331055
738000,training,30.994667053222656
739000,training,22.15799903869629
740000,training,20.489999771118164
740000,evaluation,25.642416666666666
741000,training,19.198335647583008
742000,training,44.964664459228516
743000,training,22.395666122436523
744000,training,24.65900230407715
745000,training,24.829666137695312
745000,evaluation,24.86583333333333
746000,training,29.893667221069336
747000,training,21.776334762573242
748000,training,19.839332580566406
749000,training,23.022666931152344
750000,training,38.505001068115234
750000,evaluation,26.521833333333337
751000,training,16.341333389282227
752000,training,19.39499855041504
753000,training,62.6696662902832
754000,training,20.5210018157959
755000,training,25.741334915161133
755000,evaluation,23.831916666666668
756000,training,25.376665115356445
757000,training,22.062332153320312
758000,training,18.253334045410156
759000,training,22.869667053222656
760000,training,43.37066650390625
760000,evaluation,22.551000000000002
761000,training,21.854001998901367
762000,training,19.89900016784668
763000,training,43.6646728515625
764000,training,31.30033302307129
765000,training,29.266332626342773
765000,evaluation,28.106416666666668
766000,training,28.109664916992188
767000,training,25.9233341217041
768000,training,27.1756649017334
769000,training,17.342666625976562
770000,training,29.301000595092773
770000,evaluation,23.798333333333332
771000,training,29.066667556762695
772000,training,44.97133255004883
773000,training,22.428335189819336
774000,training,34.518001556396484
775000,training,35.41533279418945
775000,evaluation,25.81975
776000,training,33.9283332824707
777000,training,28.2289981842041
778000,training,48.01833724975586
779000,training,22.696332931518555
780000,training,20.91666603088379
780000,evaluation,22.75975
781000,training,16.689666748046875
782000,training,31.322336196899414
783000,training,29.522666931152344
784000,training,31.99733543395996
785000,training,25.17500114440918
785000,evaluation,23.27283333333333
786000,training,30.40399932861328
787000,training,23.005666732788086
788000,training,29.21099853515625
789000,training,17.622665405273438
790000,training,19.461334228515625
790000,evaluation,25.9605
791000,training,20.399999618530273
792000,training,23.726999282836914
793000,training,31.27833366394043
794000,training,28.23833465576172
795000,training,21.560333251953125
795000,evaluation,21.492
796000,training,26.161001205444336
797000,training,40.41299819946289
798000,training,26.6929988861084
799000,training,26.83966636657715
800000,training,33.624000549316406
800000,evaluation,26.529083333333336
801000,training,28.288665771484375
802000,training,15.350334167480469
803000,training,21.560998916625977
804000,training,21.487668991088867
805000,training,29.520666122436523
805000,evaluation,26.926916666666664
806000,training,35.090335845947266
807000,training,35.832332611083984
808000,training,16.36199951171875
809000,training,33.56366729736328
810000,training,22.44099998474121
810000,evaluation,27.85025
811000,training,46.25
812000,training,16.93699836730957
813000,training,24.243667602539062
814000,training,37.28366470336914
815000,training,36.2226676940918
815000,evaluation,23.246583333333334
816000,training,15.845667839050293
817000,training,24.996999740600586
818000,training,27.794334411621094
819000,training,27.945663452148438
820000,training,17.9060001373291
820000,evaluation,22.987
821000,training,22.77466583251953
822000,training,19.67033576965332
823000,training,27.732666015625
824000,training,22.131668090820312
825000,training,30.077667236328125
825000,evaluation,24.183583333333335
826000,training,30.38066864013672
827000,training,14.888333320617676
828000,training,45.84599685668945
829000,training,42.416996002197266
830000,training,47.707332611083984
830000,evaluation,27.95825
831000,training,34.04999923706055
832000,training,22.32033348083496
833000,training,23.49933433532715
834000,training,33.92799758911133
835000,training,21.963998794555664
835000,evaluation,25.477583333333335
836000,training,32.797000885009766
837000,training,48.24699783325195
838000,training,39.39833450317383
839000,training,18.84233283996582
840000,training,20.908000946044922
840000,evaluation,23.062
840000,evaluation,23.062
